{"mature":false,"status":"Super Mario World Stream","broadcaster_language":"en","display_name":"Deef0000dragon1","game":"Super Mario World","language":"en","_id":29543631,"name":"deef0000dragon1","created_at":"2012-04-06T03:39:25Z","updated_at":"2016-07-30T04:14:10Z","delay":null,"logo":"https://static-cdn.jtvnw.net/jtv_user_pictures/deef0000dragon1-profile_image-ea7de5cc52308d82-300x300.png","banner":null,"video_banner":null,"background":null,"profile_banner":null,"profile_banner_background_color":null,"partner":false,"url":"https://www.twitch.tv/deef0000dragon1","views":92,"followers":5,"_links":{"self":"https://api.twitch.tv/kraken/channels/deef0000dragon1","follows":"https://api.twitch.tv/kraken/channels/deef0000dragon1/follows","commercial":"https://api.twitch.tv/kraken/channels/deef0000dragon1/commercial","stream_key":"https://api.twitch.tv/kraken/channels/deef0000dragon1/stream_key","chat":"https://api.twitch.tv/kraken/chat/deef0000dragon1","features":"https://api.twitch.tv/kraken/channels/deef0000dragon1/features","subscriptions":"https://api.twitch.tv/kraken/channels/deef0000dragon1/subscriptions","editors":"https://api.twitch.tv/kraken/channels/deef0000dragon1/editors","teams":"https://api.twitch.tv/kraken/channels/deef0000dragon1/teams","videos":"https://api.twitch.tv/kraken/channels/deef0000dragon1/videos"}}