{"stream":{"_id":22686548784,"game":"Creative","viewers":852,"created_at":"2016-08-06T07:31:49Z","video_height":720,"average_fps":30.9677419355,"delay":0,"is_playlist":false,"_links":{"self":"https://api.twitch.tv/kraken/streams/bobross"},"preview":{"small":"https://static-cdn.jtvnw.net/previews-ttv/live_user_bobross-80x45.jpg","medium":"https://static-cdn.jtvnw.net/previews-ttv/live_user_bobross-320x180.jpg","large":"https://static-cdn.jtvnw.net/previews-ttv/live_user_bobross-640x360.jpg","template":"https://static-cdn.jtvnw.net/previews-ttv/live_user_bobross-{width}x{height}.jpg"},"channel":{"mature":false,"status":"Painting with Bob Ross! #painting","broadcaster_language":"en","display_name":"BobRoss","game":"Creative","language":"en","_id":105458682,"name":"bobross","created_at":"2015-10-28T16:13:41Z","updated_at":"2016-08-06T07:33:14Z","delay":null,"logo":"https://static-cdn.jtvnw.net/jtv_user_pictures/bobross-profile_image-0b9dd167a9bb16b5-300x300.jpeg","banner":null,"video_banner":"https://static-cdn.jtvnw.net/jtv_user_pictures/bobross-channel_offline_image-79d6a2735ed4562b-1920x1080.jpeg","background":null,"profile_banner":null,"profile_banner_background_color":null,"partner":true,"url":"https://www.twitch.tv/bobross","views":6662232,"followers":566457,"_links":{"self":"http://api.twitch.tv/kraken/channels/bobross","follows":"http://api.twitch.tv/kraken/channels/bobross/follows","commercial":"http://api.twitch.tv/kraken/channels/bobross/commercial","stream_key":"http://api.twitch.tv/kraken/channels/bobross/stream_key","chat":"http://api.twitch.tv/kraken/chat/bobross","features":"http://api.twitch.tv/kraken/channels/bobross/features","subscriptions":"http://api.twitch.tv/kraken/channels/bobross/subscriptions","editors":"http://api.twitch.tv/kraken/channels/bobross/editors","teams":"http://api.twitch.tv/kraken/channels/bobross/teams","videos":"http://api.twitch.tv/kraken/channels/bobross/videos"}}},"_links":{"self":"https://api.twitch.tv/kraken/streams/bobross","channel":"https://api.twitch.tv/kraken/channels/bobross"}}