{"follows":[{"created_at":"2016-06-16T23:46:41Z","_links":{"self":"https://api.twitch.tv/kraken/users/deef0000dragon1/follows/channels/alexsavageomfg"},"notifications":false,"channel":{"_links":{"self":"https://api.twitch.tv/kraken/channels/alexsavageomfg","follows":"https://api.twitch.tv/kraken/channels/alexsavageomfg/follows","commercial":"https://api.twitch.tv/kraken/channels/alexsavageomfg/commercial","stream_key":"https://api.twitch.tv/kraken/channels/alexsavageomfg/stream_key","chat":"https://api.twitch.tv/kraken/chat/alexsavageomfg","features":"https://api.twitch.tv/kraken/channels/alexsavageomfg/features","subscriptions":"https://api.twitch.tv/kraken/channels/alexsavageomfg/subscriptions","editors":"https://api.twitch.tv/kraken/channels/alexsavageomfg/editors","videos":"https://api.twitch.tv/kraken/channels/alexsavageomfg/videos","teams":"https://api.twitch.tv/kraken/channels/alexsavageomfg/teams"},"background":null,"banner":null,"broadcaster_language":"en","display_name":"AlexSavageOMFG","game":"League of Legends","logo":"https://static-cdn.jtvnw.net/jtv_user_pictures/alexsavageomfg-profile_image-550394920a4a1839-300x300.png","mature":false,"status":"OMFG PoopyElephant TakeAChillPill LeagueOfSausage GETTING DUNKED","partner":true,"url":"https://www.twitch.tv/alexsavageomfg","video_banner":null,"_id":88681140,"name":"alexsavageomfg","created_at":"2015-04-16T06:35:44Z","updated_at":"2016-07-20T00:00:28Z","delay":null,"followers":4508,"profile_banner":"https://static-cdn.jtvnw.net/jtv_user_pictures/alexsavageomfg-profile_banner-2d00eecf3c8b96b7-480.jpeg","profile_banner_background_color":null,"views":30117,"language":"en"}},{"created_at":"2016-06-07T07:21:37Z","_links":{"self":"https://api.twitch.tv/kraken/users/deef0000dragon1/follows/channels/arcadepit"},"notifications":false,"channel":{"_links":{"self":"https://api.twitch.tv/kraken/channels/arcadepit","follows":"https://api.twitch.tv/kraken/channels/arcadepit/follows","commercial":"https://api.twitch.tv/kraken/channels/arcadepit/commercial","stream_key":"https://api.twitch.tv/kraken/channels/arcadepit/stream_key","chat":"https://api.twitch.tv/kraken/chat/arcadepit","features":"https://api.twitch.tv/kraken/channels/arcadepit/features","subscriptions":"https://api.twitch.tv/kraken/channels/arcadepit/subscriptions","editors":"https://api.twitch.tv/kraken/channels/arcadepit/editors","videos":"https://api.twitch.tv/kraken/channels/arcadepit/videos","teams":"https://api.twitch.tv/kraken/channels/arcadepit/teams"},"background":null,"banner":null,"broadcaster_language":"en","display_name":"ArcadePit","game":"Gaming Talk Shows","logo":"https://static-cdn.jtvnw.net/jtv_user_pictures/arcadepit-profile_image-e7f00e908b4af70a-300x300.png","mature":false,"status":"Arcade Pit, a 2v2 Game Show! -- Send in your own challenges with !submit","partner":false,"url":"https://www.twitch.tv/arcadepit","video_banner":"https://static-cdn.jtvnw.net/jtv_user_pictures/arcadepit-channel_offline_image-d184c9e032789484-640x360.png","_id":114107400,"name":"arcadepit","created_at":"2016-01-28T12:46:53Z","updated_at":"2016-07-20T00:33:37Z","delay":null,"followers":1272,"profile_banner":null,"profile_banner_background_color":null,"views":26066,"language":"en"}},{"created_at":"2016-03-10T04:00:25Z","_links":{"self":"https://api.twitch.tv/kraken/users/deef0000dragon1/follows/channels/tryfoldmusic"},"notifications":false,"channel":{"_links":{"self":"https://api.twitch.tv/kraken/channels/tryfoldmusic","follows":"https://api.twitch.tv/kraken/channels/tryfoldmusic/follows","commercial":"https://api.twitch.tv/kraken/channels/tryfoldmusic/commercial","stream_key":"https://api.twitch.tv/kraken/channels/tryfoldmusic/stream_key","chat":"https://api.twitch.tv/kraken/chat/tryfoldmusic","features":"https://api.twitch.tv/kraken/channels/tryfoldmusic/features","subscriptions":"https://api.twitch.tv/kraken/channels/tryfoldmusic/subscriptions","editors":"https://api.twitch.tv/kraken/channels/tryfoldmusic/editors","videos":"https://api.twitch.tv/kraken/channels/tryfoldmusic/videos","teams":"https://api.twitch.tv/kraken/channels/tryfoldmusic/teams"},"background":null,"banner":null,"broadcaster_language":"en","display_name":"TryFoldMusic","game":null,"logo":"https://static-cdn.jtvnw.net/jtv_user_pictures/tryfoldmusic-profile_image-30807a8bbcec5aaa-300x300.jpeg","mature":true,"status":"Complete or Collapse: Skyward Sword","partner":false,"url":"https://www.twitch.tv/tryfoldmusic","video_banner":"https://static-cdn.jtvnw.net/jtv_user_pictures/tryfoldmusic-channel_offline_image-ec87c89d57ac4aa5-640x360.png","_id":46607353,"name":"tryfoldmusic","created_at":"2013-07-25T18:28:13Z","updated_at":"2016-07-02T17:01:57Z","delay":null,"followers":19,"profile_banner":"https://static-cdn.jtvnw.net/jtv_user_pictures/tryfoldmusic-profile_banner-62366d247f8e24d4-480.jpeg","profile_banner_background_color":null,"views":235,"language":"en"}},{"created_at":"2015-12-03T03:19:56Z","_links":{"self":"https://api.twitch.tv/kraken/users/deef0000dragon1/follows/channels/awesomesaucenetwork"},"notifications":false,"channel":{"_links":{"self":"https://api.twitch.tv/kraken/channels/awesomesaucenetwork","follows":"https://api.twitch.tv/kraken/channels/awesomesaucenetwork/follows","commercial":"https://api.twitch.tv/kraken/channels/awesomesaucenetwork/commercial","stream_key":"https://api.twitch.tv/kraken/channels/awesomesaucenetwork/stream_key","chat":"https://api.twitch.tv/kraken/chat/awesomesaucenetwork","features":"https://api.twitch.tv/kraken/channels/awesomesaucenetwork/features","subscriptions":"https://api.twitch.tv/kraken/channels/awesomesaucenetwork/subscriptions","editors":"https://api.twitch.tv/kraken/channels/awesomesaucenetwork/editors","videos":"https://api.twitch.tv/kraken/channels/awesomesaucenetwork/videos","teams":"https://api.twitch.tv/kraken/channels/awesomesaucenetwork/teams"},"background":null,"banner":null,"broadcaster_language":"en","display_name":"awesomesaucenetwork","game":"Overwatch","logo":"https://static-cdn.jtvnw.net/jtv_user_pictures/awesomesaucenetwork-profile_image-f8c48fc55812a78c-300x300.jpeg","mature":true,"status":"Overwatch!","partner":false,"url":"https://www.twitch.tv/awesomesaucenetwork","video_banner":null,"_id":81764676,"name":"awesomesaucenetwork","created_at":"2015-02-04T05:16:31Z","updated_at":"2016-07-20T01:00:06Z","delay":null,"followers":15469,"profile_banner":null,"profile_banner_background_color":null,"views":11977,"language":"en"}},{"created_at":"2015-10-30T07:24:30Z","_links":{"self":"https://api.twitch.tv/kraken/users/deef0000dragon1/follows/channels/bobross"},"notifications":false,"channel":{"_links":{"self":"https://api.twitch.tv/kraken/channels/bobross","follows":"https://api.twitch.tv/kraken/channels/bobross/follows","commercial":"https://api.twitch.tv/kraken/channels/bobross/commercial","stream_key":"https://api.twitch.tv/kraken/channels/bobross/stream_key","chat":"https://api.twitch.tv/kraken/chat/bobross","features":"https://api.twitch.tv/kraken/channels/bobross/features","subscriptions":"https://api.twitch.tv/kraken/channels/bobross/subscriptions","editors":"https://api.twitch.tv/kraken/channels/bobross/editors","videos":"https://api.twitch.tv/kraken/channels/bobross/videos","teams":"https://api.twitch.tv/kraken/channels/bobross/teams"},"background":null,"banner":null,"broadcaster_language":"en","display_name":"BobRoss","game":"Creative","logo":"https://static-cdn.jtvnw.net/jtv_user_pictures/bobross-profile_image-0b9dd167a9bb16b5-300x300.jpeg","mature":false,"status":"Painting with Bob Ross! #painting","partner":true,"url":"https://www.twitch.tv/bobross","video_banner":"https://static-cdn.jtvnw.net/jtv_user_pictures/bobross-channel_offline_image-79d6a2735ed4562b-640x360.jpeg","_id":105458682,"name":"bobross","created_at":"2015-10-28T16:13:41Z","updated_at":"2016-07-20T01:00:32Z","delay":null,"followers":562137,"profile_banner":null,"profile_banner_background_color":null,"views":6466531,"language":"en"}},{"created_at":"2015-09-24T15:34:41Z","_links":{"self":"https://api.twitch.tv/kraken/users/deef0000dragon1/follows/channels/roraxplays"},"notifications":true,"channel":{"_links":{"self":"https://api.twitch.tv/kraken/channels/roraxplays","follows":"https://api.twitch.tv/kraken/channels/roraxplays/follows","commercial":"https://api.twitch.tv/kraken/channels/roraxplays/commercial","stream_key":"https://api.twitch.tv/kraken/channels/roraxplays/stream_key","chat":"https://api.twitch.tv/kraken/chat/roraxplays","features":"https://api.twitch.tv/kraken/channels/roraxplays/features","subscriptions":"https://api.twitch.tv/kraken/channels/roraxplays/subscriptions","editors":"https://api.twitch.tv/kraken/channels/roraxplays/editors","videos":"https://api.twitch.tv/kraken/channels/roraxplays/videos","teams":"https://api.twitch.tv/kraken/channels/roraxplays/teams"},"background":null,"banner":null,"broadcaster_language":"en","display_name":"RoraxPlays","game":"Doom","logo":null,"mature":null,"status":"Rorax Plays","partner":false,"url":"https://www.twitch.tv/roraxplays","video_banner":null,"_id":89315215,"name":"roraxplays","created_at":"2015-04-23T20:11:02Z","updated_at":"2016-07-20T00:01:57Z","delay":null,"followers":560,"profile_banner":null,"profile_banner_background_color":null,"views":1287,"language":"en"}},{"created_at":"2015-08-27T23:55:45Z","_links":{"self":"https://api.twitch.tv/kraken/users/deef0000dragon1/follows/channels/wvphotoj"},"notifications":false,"channel":{"_links":{"self":"https://api.twitch.tv/kraken/channels/wvphotoj","follows":"https://api.twitch.tv/kraken/channels/wvphotoj/follows","commercial":"https://api.twitch.tv/kraken/channels/wvphotoj/commercial","stream_key":"https://api.twitch.tv/kraken/channels/wvphotoj/stream_key","chat":"https://api.twitch.tv/kraken/chat/wvphotoj","features":"https://api.twitch.tv/kraken/channels/wvphotoj/features","subscriptions":"https://api.twitch.tv/kraken/channels/wvphotoj/subscriptions","editors":"https://api.twitch.tv/kraken/channels/wvphotoj/editors","videos":"https://api.twitch.tv/kraken/channels/wvphotoj/videos","teams":"https://api.twitch.tv/kraken/channels/wvphotoj/teams"},"background":null,"banner":null,"broadcaster_language":"en","display_name":"WVPhotoJ","game":"Dungeons & Dragons","logo":null,"mature":false,"status":"The Cold Lands of Hope and Despair","partner":false,"url":"https://www.twitch.tv/wvphotoj","video_banner":"https://static-cdn.jtvnw.net/jtv_user_pictures/wvphotoj-channel_offline_image-21f8198c1c28331e-640x360.jpeg","_id":92074668,"name":"wvphotoj","created_at":"2015-05-27T21:07:48Z","updated_at":"2016-07-16T13:31:07Z","delay":null,"followers":10,"profile_banner":null,"profile_banner_background_color":null,"views":252,"language":"en"}},{"created_at":"2015-08-21T20:23:45Z","_links":{"self":"https://api.twitch.tv/kraken/users/deef0000dragon1/follows/channels/fractaljosh"},"notifications":false,"channel":{"_links":{"self":"https://api.twitch.tv/kraken/channels/fractaljosh","follows":"https://api.twitch.tv/kraken/channels/fractaljosh/follows","commercial":"https://api.twitch.tv/kraken/channels/fractaljosh/commercial","stream_key":"https://api.twitch.tv/kraken/channels/fractaljosh/stream_key","chat":"https://api.twitch.tv/kraken/chat/fractaljosh","features":"https://api.twitch.tv/kraken/channels/fractaljosh/features","subscriptions":"https://api.twitch.tv/kraken/channels/fractaljosh/subscriptions","editors":"https://api.twitch.tv/kraken/channels/fractaljosh/editors","videos":"https://api.twitch.tv/kraken/channels/fractaljosh/videos","teams":"https://api.twitch.tv/kraken/channels/fractaljosh/teams"},"background":null,"banner":null,"broadcaster_language":"en","display_name":"FractalJosh","game":"Insurgency","logo":"https://static-cdn.jtvnw.net/jtv_user_pictures/fractaljosh-profile_image-750a4ec087f317d4-300x300.jpeg","mature":true,"status":"Hmmm lets play something","partner":true,"url":"https://www.twitch.tv/fractaljosh","video_banner":"https://static-cdn.jtvnw.net/jtv_user_pictures/fractaljosh-channel_offline_image-2595f8d01ad7f3e4-640x360.jpeg","_id":47356709,"name":"fractaljosh","created_at":"2013-08-09T23:56:37Z","updated_at":"2016-07-20T00:31:39Z","delay":null,"followers":59679,"profile_banner":"https://static-cdn.jtvnw.net/jtv_user_pictures/fractaljosh-profile_banner-46dbb40e9624849a-480.jpeg","profile_banner_background_color":null,"views":25392,"language":"en"}},{"created_at":"2015-08-21T19:50:43Z","_links":{"self":"https://api.twitch.tv/kraken/users/deef0000dragon1/follows/channels/thatonevideogamer"},"notifications":false,"channel":{"_links":{"self":"https://api.twitch.tv/kraken/channels/thatonevideogamer","follows":"https://api.twitch.tv/kraken/channels/thatonevideogamer/follows","commercial":"https://api.twitch.tv/kraken/channels/thatonevideogamer/commercial","stream_key":"https://api.twitch.tv/kraken/channels/thatonevideogamer/stream_key","chat":"https://api.twitch.tv/kraken/chat/thatonevideogamer","features":"https://api.twitch.tv/kraken/channels/thatonevideogamer/features","subscriptions":"https://api.twitch.tv/kraken/channels/thatonevideogamer/subscriptions","editors":"https://api.twitch.tv/kraken/channels/thatonevideogamer/editors","videos":"https://api.twitch.tv/kraken/channels/thatonevideogamer/videos","teams":"https://api.twitch.tv/kraken/channels/thatonevideogamer/teams"},"background":null,"banner":null,"broadcaster_language":"en","display_name":"ThatOneVideoGamer","game":"Street Fighter V","logo":"https://static-cdn.jtvnw.net/jtv_user_pictures/thatonevideogamer-profile_image-814068f5d285176f-300x300.png","mature":false,"status":"Super Beard Bros - Game Wisp Stream!","partner":true,"url":"https://www.twitch.tv/thatonevideogamer","video_banner":"https://static-cdn.jtvnw.net/jtv_user_pictures/thatonevideogamer-channel_offline_image-28c5006b2f48348c-640x360.png","_id":24805466,"name":"thatonevideogamer","created_at":"2011-09-14T03:23:21Z","updated_at":"2016-07-20T00:30:53Z","delay":null,"followers":47114,"profile_banner":"https://static-cdn.jtvnw.net/jtv_user_pictures/thatonevideogamer-profile_banner-efe3f8f59838a806-480.png","profile_banner_background_color":null,"views":1018546,"language":"en"}},{"created_at":"2015-08-15T02:20:17Z","_links":{"self":"https://api.twitch.tv/kraken/users/deef0000dragon1/follows/channels/exfauxsure"},"notifications":false,"channel":{"_links":{"self":"https://api.twitch.tv/kraken/channels/exfauxsure","follows":"https://api.twitch.tv/kraken/channels/exfauxsure/follows","commercial":"https://api.twitch.tv/kraken/channels/exfauxsure/commercial","stream_key":"https://api.twitch.tv/kraken/channels/exfauxsure/stream_key","chat":"https://api.twitch.tv/kraken/chat/exfauxsure","features":"https://api.twitch.tv/kraken/channels/exfauxsure/features","subscriptions":"https://api.twitch.tv/kraken/channels/exfauxsure/subscriptions","editors":"https://api.twitch.tv/kraken/channels/exfauxsure/editors","videos":"https://api.twitch.tv/kraken/channels/exfauxsure/videos","teams":"https://api.twitch.tv/kraken/channels/exfauxsure/teams"},"background":null,"banner":null,"broadcaster_language":"en","display_name":"Exfauxsure","game":"Shin Megami Tensei: Persona 4","logo":"https://static-cdn.jtvnw.net/jtv_user_pictures/exfauxsure-profile_image-7ec70385f2dd8fbc-300x300.png","mature":false,"status":"[PS2] Persona 4 | The Rise of Rise","partner":false,"url":"https://www.twitch.tv/exfauxsure","video_banner":"https://static-cdn.jtvnw.net/jtv_user_pictures/exfauxsure-channel_offline_image-4419b0272db3416a-640x360.png","_id":19375084,"name":"exfauxsure","created_at":"2011-01-09T13:00:59Z","updated_at":"2016-07-19T12:01:00Z","delay":null,"followers":736,"profile_banner":"https://static-cdn.jtvnw.net/jtv_user_pictures/exfauxsure-profile_banner-e8f3b6a93c4c08e7-480.png","profile_banner_background_color":"#4b0c3b","views":26953,"language":"en"}},{"created_at":"2015-07-14T02:43:49Z","_links":{"self":"https://api.twitch.tv/kraken/users/deef0000dragon1/follows/channels/jimquisition"},"notifications":false,"channel":{"_links":{"self":"https://api.twitch.tv/kraken/channels/jimquisition","follows":"https://api.twitch.tv/kraken/channels/jimquisition/follows","commercial":"https://api.twitch.tv/kraken/channels/jimquisition/commercial","stream_key":"https://api.twitch.tv/kraken/channels/jimquisition/stream_key","chat":"https://api.twitch.tv/kraken/chat/jimquisition","features":"https://api.twitch.tv/kraken/channels/jimquisition/features","subscriptions":"https://api.twitch.tv/kraken/channels/jimquisition/subscriptions","editors":"https://api.twitch.tv/kraken/channels/jimquisition/editors","videos":"https://api.twitch.tv/kraken/channels/jimquisition/videos","teams":"https://api.twitch.tv/kraken/channels/jimquisition/teams"},"background":null,"banner":null,"broadcaster_language":"en","display_name":"Jimquisition","game":"Aliens: Colonial Marines","logo":"https://static-cdn.jtvnw.net/jtv_user_pictures/jimquisition-profile_image-113578f38309756b-300x300.jpeg","mature":true,"status":"The Jimquisition","partner":false,"url":"https://www.twitch.tv/jimquisition","video_banner":null,"_id":51769856,"name":"jimquisition","created_at":"2013-11-18T13:39:44Z","updated_at":"2016-07-19T23:31:00Z","delay":null,"followers":7981,"profile_banner":null,"profile_banner_background_color":null,"views":30950,"language":"en"}},{"created_at":"2015-06-21T19:17:13Z","_links":{"self":"https://api.twitch.tv/kraken/users/deef0000dragon1/follows/channels/topdownperspective"},"notifications":true,"channel":{"_links":{"self":"https://api.twitch.tv/kraken/channels/topdownperspective","follows":"https://api.twitch.tv/kraken/channels/topdownperspective/follows","commercial":"https://api.twitch.tv/kraken/channels/topdownperspective/commercial","stream_key":"https://api.twitch.tv/kraken/channels/topdownperspective/stream_key","chat":"https://api.twitch.tv/kraken/chat/topdownperspective","features":"https://api.twitch.tv/kraken/channels/topdownperspective/features","subscriptions":"https://api.twitch.tv/kraken/channels/topdownperspective/subscriptions","editors":"https://api.twitch.tv/kraken/channels/topdownperspective/editors","videos":"https://api.twitch.tv/kraken/channels/topdownperspective/videos","teams":"https://api.twitch.tv/kraken/channels/topdownperspective/teams"},"background":null,"banner":null,"broadcaster_language":"en","display_name":"topdownperspective","game":"Gaming Talk Shows","logo":"https://static-cdn.jtvnw.net/jtv_user_pictures/topdownperspective-profile_image-1f1644c2499f02c5-300x300.png","mature":false,"status":"Top Down Perspective LIVE 15/07/2016","partner":false,"url":"https://www.twitch.tv/topdownperspective","video_banner":null,"_id":31795794,"name":"topdownperspective","created_at":"2012-07-01T21:07:19Z","updated_at":"2016-07-18T22:34:05Z","delay":null,"followers":770,"profile_banner":"https://static-cdn.jtvnw.net/jtv_user_pictures/topdownperspective-profile_banner-afcba34bba77fd33-480.jpeg","profile_banner_background_color":null,"views":10672,"language":"en"}},{"created_at":"2015-05-18T00:39:46Z","_links":{"self":"https://api.twitch.tv/kraken/users/deef0000dragon1/follows/channels/geoff"},"notifications":false,"channel":{"_links":{"self":"https://api.twitch.tv/kraken/channels/geoff","follows":"https://api.twitch.tv/kraken/channels/geoff/follows","commercial":"https://api.twitch.tv/kraken/channels/geoff/commercial","stream_key":"https://api.twitch.tv/kraken/channels/geoff/stream_key","chat":"https://api.twitch.tv/kraken/chat/geoff","features":"https://api.twitch.tv/kraken/channels/geoff/features","subscriptions":"https://api.twitch.tv/kraken/channels/geoff/subscriptions","editors":"https://api.twitch.tv/kraken/channels/geoff/editors","videos":"https://api.twitch.tv/kraken/channels/geoff/videos","teams":"https://api.twitch.tv/kraken/channels/geoff/teams"},"background":null,"banner":null,"broadcaster_language":"en","display_name":"Geoff","game":"Pok\u00e9mon Trading Card Game Online","logo":"https://static-cdn.jtvnw.net/jtv_user_pictures/geoff-profile_image-c1e87f9ee8ddee48-300x300.jpeg","mature":false,"status":"\u2728 Pokemon TCGO \u2728 On The Quest To Be The Very Best!","partner":true,"url":"https://www.twitch.tv/geoff","video_banner":"https://static-cdn.jtvnw.net/jtv_user_pictures/geoff-channel_offline_image-affbed65809edb54-640x360.jpeg","_id":21836069,"name":"geoff","created_at":"2011-04-19T04:44:21Z","updated_at":"2016-07-20T01:00:49Z","delay":null,"followers":70671,"profile_banner":"https://static-cdn.jtvnw.net/jtv_user_pictures/geoff-profile_banner-36acf0a3eb932c7d-480.jpeg","profile_banner_background_color":"#000000","views":3266644,"language":"en"}},{"created_at":"2015-04-27T05:12:27Z","_links":{"self":"https://api.twitch.tv/kraken/users/deef0000dragon1/follows/channels/purplementat"},"notifications":true,"channel":{"_links":{"self":"https://api.twitch.tv/kraken/channels/purplementat","follows":"https://api.twitch.tv/kraken/channels/purplementat/follows","commercial":"https://api.twitch.tv/kraken/channels/purplementat/commercial","stream_key":"https://api.twitch.tv/kraken/channels/purplementat/stream_key","chat":"https://api.twitch.tv/kraken/chat/purplementat","features":"https://api.twitch.tv/kraken/channels/purplementat/features","subscriptions":"https://api.twitch.tv/kraken/channels/purplementat/subscriptions","editors":"https://api.twitch.tv/kraken/channels/purplementat/editors","videos":"https://api.twitch.tv/kraken/channels/purplementat/videos","teams":"https://api.twitch.tv/kraken/channels/purplementat/teams"},"background":null,"banner":null,"broadcaster_language":"en","display_name":"PurpleMentat","game":"Minecraft","logo":"https://static-cdn.jtvnw.net/jtv_user_pictures/purplementat-profile_image-59604294c25557a9-300x300.png","mature":true,"status":"Behind the scenes: Morning - Editing, then FTBIES grinding. Afternoon - Regrowth","partner":false,"url":"https://www.twitch.tv/purplementat","video_banner":"https://static-cdn.jtvnw.net/jtv_user_pictures/purplementat-channel_offline_image-10ce80b36cb196fc-640x360.png","_id":58251772,"name":"purplementat","created_at":"2014-03-05T12:38:45Z","updated_at":"2016-07-20T01:00:44Z","delay":null,"followers":6045,"profile_banner":"https://static-cdn.jtvnw.net/jtv_user_pictures/purplementat-profile_banner-9e92875721a38ec0-480.png","profile_banner_background_color":"#2e148d","views":95650,"language":"en"}},{"created_at":"2015-04-20T04:16:15Z","_links":{"self":"https://api.twitch.tv/kraken/users/deef0000dragon1/follows/channels/frozentrually"},"notifications":false,"channel":{"_links":{"self":"https://api.twitch.tv/kraken/channels/frozentrually","follows":"https://api.twitch.tv/kraken/channels/frozentrually/follows","commercial":"https://api.twitch.tv/kraken/channels/frozentrually/commercial","stream_key":"https://api.twitch.tv/kraken/channels/frozentrually/stream_key","chat":"https://api.twitch.tv/kraken/chat/frozentrually","features":"https://api.twitch.tv/kraken/channels/frozentrually/features","subscriptions":"https://api.twitch.tv/kraken/channels/frozentrually/subscriptions","editors":"https://api.twitch.tv/kraken/channels/frozentrually/editors","videos":"https://api.twitch.tv/kraken/channels/frozentrually/videos","teams":"https://api.twitch.tv/kraken/channels/frozentrually/teams"},"background":null,"banner":null,"broadcaster_language":"en","display_name":"frozentrually","game":"Putt-Putt Saves the Zoo","logo":"https://static-cdn.jtvnw.net/jtv_user_pictures/frozentrually-profile_image-05461d6d8b1b591f-300x300.png","mature":true,"status":"Putt Putt Saves the Zoo derust [Music]","partner":false,"url":"https://www.twitch.tv/frozentrually","video_banner":"https://static-cdn.jtvnw.net/jtv_user_pictures/frozentrually-channel_offline_image-ed0d4dbe59199286-640x360.png","_id":29203377,"name":"frozentrually","created_at":"2012-03-23T07:50:42Z","updated_at":"2016-07-18T09:00:51Z","delay":null,"followers":1836,"profile_banner":"https://static-cdn.jtvnw.net/jtv_user_pictures/frozentrually-profile_banner-66f377c8100bb5e5-480.png","profile_banner_background_color":"#97c4d6","views":24520,"language":"en"}},{"created_at":"2015-02-07T01:32:12Z","_links":{"self":"https://api.twitch.tv/kraken/users/deef0000dragon1/follows/channels/totalbiscuit"},"notifications":false,"channel":{"_links":{"self":"https://api.twitch.tv/kraken/channels/totalbiscuit","follows":"https://api.twitch.tv/kraken/channels/totalbiscuit/follows","commercial":"https://api.twitch.tv/kraken/channels/totalbiscuit/commercial","stream_key":"https://api.twitch.tv/kraken/channels/totalbiscuit/stream_key","chat":"https://api.twitch.tv/kraken/chat/totalbiscuit","features":"https://api.twitch.tv/kraken/channels/totalbiscuit/features","subscriptions":"https://api.twitch.tv/kraken/channels/totalbiscuit/subscriptions","editors":"https://api.twitch.tv/kraken/channels/totalbiscuit/editors","videos":"https://api.twitch.tv/kraken/channels/totalbiscuit/videos","teams":"https://api.twitch.tv/kraken/channels/totalbiscuit/teams"},"background":null,"banner":null,"broadcaster_language":"en","display_name":"Totalbiscuit","game":"Gaming Talk Shows","logo":"https://static-cdn.jtvnw.net/jtv_user_pictures/totalbiscuit-profile_image-502dcf27f785c632-300x300.png","mature":true,"status":"Co-optional Podcast 19th July with Mike Futter","partner":true,"url":"https://www.twitch.tv/totalbiscuit","video_banner":"https://static-cdn.jtvnw.net/jtv_user_pictures/totalbiscuit-channel_offline_image-3c127ba9b0ae7fec-640x360.png","_id":12616386,"name":"totalbiscuit","created_at":"2010-05-14T16:54:15Z","updated_at":"2016-07-20T01:01:39Z","delay":null,"followers":457941,"profile_banner":"https://static-cdn.jtvnw.net/jtv_user_pictures/totalbiscuit-profile_banner-1bd08282a8f11f71-480.png","profile_banner_background_color":null,"views":47981860,"language":"en"}},{"created_at":"2015-01-31T02:09:31Z","_links":{"self":"https://api.twitch.tv/kraken/users/deef0000dragon1/follows/channels/scizon"},"notifications":false,"channel":{"_links":{"self":"https://api.twitch.tv/kraken/channels/scizon","follows":"https://api.twitch.tv/kraken/channels/scizon/follows","commercial":"https://api.twitch.tv/kraken/channels/scizon/commercial","stream_key":"https://api.twitch.tv/kraken/channels/scizon/stream_key","chat":"https://api.twitch.tv/kraken/chat/scizon","features":"https://api.twitch.tv/kraken/channels/scizon/features","subscriptions":"https://api.twitch.tv/kraken/channels/scizon/subscriptions","editors":"https://api.twitch.tv/kraken/channels/scizon/editors","videos":"https://api.twitch.tv/kraken/channels/scizon/videos","teams":"https://api.twitch.tv/kraken/channels/scizon/teams"},"background":null,"banner":null,"broadcaster_language":"en","display_name":"Scizon","game":"Cards Against Humanity","logo":"https://static-cdn.jtvnw.net/jtv_user_pictures/scizon-profile_image-45d97d0756acfa4b-300x300.jpeg","mature":true,"status":"Cards Against Humanity w/ Local Furs","partner":false,"url":"https://www.twitch.tv/scizon","video_banner":"https://static-cdn.jtvnw.net/jtv_user_pictures/scizon-channel_offline_image-fc4fb3c32ed2d955-640x360.jpeg","_id":21036466,"name":"scizon","created_at":"2011-03-11T08:59:56Z","updated_at":"2016-06-23T02:00:41Z","delay":null,"followers":48,"profile_banner":null,"profile_banner_background_color":null,"views":867,"language":"en"}},{"created_at":"2015-01-28T02:22:06Z","_links":{"self":"https://api.twitch.tv/kraken/users/deef0000dragon1/follows/channels/kylelandrypiano"},"notifications":false,"channel":{"_links":{"self":"https://api.twitch.tv/kraken/channels/kylelandrypiano","follows":"https://api.twitch.tv/kraken/channels/kylelandrypiano/follows","commercial":"https://api.twitch.tv/kraken/channels/kylelandrypiano/commercial","stream_key":"https://api.twitch.tv/kraken/channels/kylelandrypiano/stream_key","chat":"https://api.twitch.tv/kraken/chat/kylelandrypiano","features":"https://api.twitch.tv/kraken/channels/kylelandrypiano/features","subscriptions":"https://api.twitch.tv/kraken/channels/kylelandrypiano/subscriptions","editors":"https://api.twitch.tv/kraken/channels/kylelandrypiano/editors","videos":"https://api.twitch.tv/kraken/channels/kylelandrypiano/videos","teams":"https://api.twitch.tv/kraken/channels/kylelandrypiano/teams"},"background":null,"banner":null,"broadcaster_language":"en","display_name":"Kylelandrypiano","game":"Music","logo":"https://static-cdn.jtvnw.net/jtv_user_pictures/kylelandrypiano-profile_image-12e7970e21c30514-300x300.jpeg","mature":false,"status":"7/18 Wedding Practice - France","partner":true,"url":"https://www.twitch.tv/kylelandrypiano","video_banner":"https://static-cdn.jtvnw.net/jtv_user_pictures/kylelandrypiano-channel_offline_image-bf3998b09c5a395e-640x360.jpeg","_id":36790434,"name":"kylelandrypiano","created_at":"2012-10-09T19:08:26Z","updated_at":"2016-07-20T01:01:23Z","delay":null,"followers":89896,"profile_banner":"https://static-cdn.jtvnw.net/jtv_user_pictures/kylelandrypiano-profile_banner-679fe7408104acfb-480.jpeg","profile_banner_background_color":null,"views":1331268,"language":"en"}},{"created_at":"2015-01-24T19:30:16Z","_links":{"self":"https://api.twitch.tv/kraken/users/deef0000dragon1/follows/channels/sethbling"},"notifications":false,"channel":{"_links":{"self":"https://api.twitch.tv/kraken/channels/sethbling","follows":"https://api.twitch.tv/kraken/channels/sethbling/follows","commercial":"https://api.twitch.tv/kraken/channels/sethbling/commercial","stream_key":"https://api.twitch.tv/kraken/channels/sethbling/stream_key","chat":"https://api.twitch.tv/kraken/chat/sethbling","features":"https://api.twitch.tv/kraken/channels/sethbling/features","subscriptions":"https://api.twitch.tv/kraken/channels/sethbling/subscriptions","editors":"https://api.twitch.tv/kraken/channels/sethbling/editors","videos":"https://api.twitch.tv/kraken/channels/sethbling/videos","teams":"https://api.twitch.tv/kraken/channels/sethbling/teams"},"background":null,"banner":null,"broadcaster_language":"en","display_name":"SethBling","game":"Overwatch","logo":"https://static-cdn.jtvnw.net/jtv_user_pictures/sethbling-profile_image-b56992871f05fe69-300x300.png","mature":false,"status":"Reinhardt/Pharah All Day","partner":true,"url":"https://www.twitch.tv/sethbling","video_banner":null,"_id":26617836,"name":"sethbling","created_at":"2011-12-07T00:25:32Z","updated_at":"2016-07-20T01:01:55Z","delay":null,"followers":253794,"profile_banner":null,"profile_banner_background_color":null,"views":3985008,"language":"en"}},{"created_at":"2015-01-03T05:57:27Z","_links":{"self":"https://api.twitch.tv/kraken/users/deef0000dragon1/follows/channels/spikevegeta"},"notifications":true,"channel":{"_links":{"self":"https://api.twitch.tv/kraken/channels/spikevegeta","follows":"https://api.twitch.tv/kraken/channels/spikevegeta/follows","commercial":"https://api.twitch.tv/kraken/channels/spikevegeta/commercial","stream_key":"https://api.twitch.tv/kraken/channels/spikevegeta/stream_key","chat":"https://api.twitch.tv/kraken/chat/spikevegeta","features":"https://api.twitch.tv/kraken/channels/spikevegeta/features","subscriptions":"https://api.twitch.tv/kraken/channels/spikevegeta/subscriptions","editors":"https://api.twitch.tv/kraken/channels/spikevegeta/editors","videos":"https://api.twitch.tv/kraken/channels/spikevegeta/videos","teams":"https://api.twitch.tv/kraken/channels/spikevegeta/teams"},"background":null,"banner":null,"broadcaster_language":"en","display_name":"Spikevegeta","game":"Super Mario Sunshine","logo":"https://static-cdn.jtvnw.net/jtv_user_pictures/spikevegeta-profile_image-4ccba409d6b18a3f-300x300.jpeg","mature":false,"status":"Super Mario Sunshine Scrubby Runs.","partner":true,"url":"https://www.twitch.tv/spikevegeta","video_banner":"https://static-cdn.jtvnw.net/jtv_user_pictures/spikevegeta-channel_offline_image-c3ed8ba5ec0fad33-640x360.jpeg","_id":18816864,"name":"spikevegeta","created_at":"2010-12-18T07:32:27Z","updated_at":"2016-07-20T01:01:47Z","delay":null,"followers":42861,"profile_banner":"https://static-cdn.jtvnw.net/jtv_user_pictures/spikevegeta-profile_banner-a98c34e07e75dd5a-480.jpeg","profile_banner_background_color":null,"views":3450883,"language":"en"}},{"created_at":"2015-01-03T05:49:07Z","_links":{"self":"https://api.twitch.tv/kraken/users/deef0000dragon1/follows/channels/almolicious"},"notifications":true,"channel":{"_links":{"self":"https://api.twitch.tv/kraken/channels/almolicious","follows":"https://api.twitch.tv/kraken/channels/almolicious/follows","commercial":"https://api.twitch.tv/kraken/channels/almolicious/commercial","stream_key":"https://api.twitch.tv/kraken/channels/almolicious/stream_key","chat":"https://api.twitch.tv/kraken/chat/almolicious","features":"https://api.twitch.tv/kraken/channels/almolicious/features","subscriptions":"https://api.twitch.tv/kraken/channels/almolicious/subscriptions","editors":"https://api.twitch.tv/kraken/channels/almolicious/editors","videos":"https://api.twitch.tv/kraken/channels/almolicious/videos","teams":"https://api.twitch.tv/kraken/channels/almolicious/teams"},"background":null,"banner":null,"broadcaster_language":"en","display_name":"Almolicious","game":"Frogger: Ancient Shadow","logo":"https://static-cdn.jtvnw.net/jtv_user_pictures/almolicious-profile_image-0c28fc37d835672d-300x300.jpeg","mature":false,"status":"Frogger: Ancient Shadow New Game+ Run - Paperthon FAQ: https://goo.gl/ndaoI0","partner":true,"url":"https://www.twitch.tv/almolicious","video_banner":"https://static-cdn.jtvnw.net/jtv_user_pictures/almolicious-channel_offline_image-c500fd39caadb91f-640x360.jpeg","_id":9136579,"name":"almolicious","created_at":"2009-11-15T01:14:26Z","updated_at":"2016-07-20T01:00:09Z","delay":null,"followers":17033,"profile_banner":"https://static-cdn.jtvnw.net/jtv_user_pictures/almolicious-profile_banner-52ef2fb5ce5fb321-480.jpeg","profile_banner_background_color":null,"views":2499686,"language":"en"}},{"created_at":"2014-11-23T06:08:52Z","_links":{"self":"https://api.twitch.tv/kraken/users/deef0000dragon1/follows/channels/gameswithhank"},"notifications":true,"channel":{"_links":{"self":"https://api.twitch.tv/kraken/channels/gameswithhank","follows":"https://api.twitch.tv/kraken/channels/gameswithhank/follows","commercial":"https://api.twitch.tv/kraken/channels/gameswithhank/commercial","stream_key":"https://api.twitch.tv/kraken/channels/gameswithhank/stream_key","chat":"https://api.twitch.tv/kraken/chat/gameswithhank","features":"https://api.twitch.tv/kraken/channels/gameswithhank/features","subscriptions":"https://api.twitch.tv/kraken/channels/gameswithhank/subscriptions","editors":"https://api.twitch.tv/kraken/channels/gameswithhank/editors","videos":"https://api.twitch.tv/kraken/channels/gameswithhank/videos","teams":"https://api.twitch.tv/kraken/channels/gameswithhank/teams"},"background":null,"banner":null,"broadcaster_language":"en","display_name":"GamesWithHank","game":"Don't Starve","logo":"https://static-cdn.jtvnw.net/jtv_user_pictures/gameswithhank-profile_image-bb20a484bff1a1cd-300x300.png","mature":false,"status":"GAMES WITH ME!","partner":false,"url":"https://www.twitch.tv/gameswithhank","video_banner":null,"_id":73755025,"name":"gameswithhank","created_at":"2014-10-25T21:23:55Z","updated_at":"2016-07-18T23:01:40Z","delay":null,"followers":1566,"profile_banner":"https://static-cdn.jtvnw.net/jtv_user_pictures/gameswithhank-profile_banner-0e7c30efe7660a46-480.png","profile_banner_background_color":null,"views":4699,"language":"en"}},{"created_at":"2014-10-06T04:36:13Z","_links":{"self":"https://api.twitch.tv/kraken/users/deef0000dragon1/follows/channels/grandstaryoshi"},"notifications":true,"channel":{"_links":{"self":"https://api.twitch.tv/kraken/channels/grandstaryoshi","follows":"https://api.twitch.tv/kraken/channels/grandstaryoshi/follows","commercial":"https://api.twitch.tv/kraken/channels/grandstaryoshi/commercial","stream_key":"https://api.twitch.tv/kraken/channels/grandstaryoshi/stream_key","chat":"https://api.twitch.tv/kraken/chat/grandstaryoshi","features":"https://api.twitch.tv/kraken/channels/grandstaryoshi/features","subscriptions":"https://api.twitch.tv/kraken/channels/grandstaryoshi/subscriptions","editors":"https://api.twitch.tv/kraken/channels/grandstaryoshi/editors","videos":"https://api.twitch.tv/kraken/channels/grandstaryoshi/videos","teams":"https://api.twitch.tv/kraken/channels/grandstaryoshi/teams"},"background":null,"banner":null,"broadcaster_language":"en","display_name":"GrandStarYoshi","game":"Super Mario 64","logo":"https://static-cdn.jtvnw.net/jtv_user_pictures/grandstaryoshi-profile_image-096ad8347b791296-300x300.png","mature":true,"status":"Super Mario 64 CHAOS 70 Star! | Meme Game Mondays #1 | Day 18/365","partner":false,"url":"https://www.twitch.tv/grandstaryoshi","video_banner":"https://static-cdn.jtvnw.net/jtv_user_pictures/grandstaryoshi-channel_offline_image-35bcf448fe73ba20-640x360.png","_id":24032840,"name":"grandstaryoshi","created_at":"2011-08-12T22:34:32Z","updated_at":"2016-07-19T18:30:59Z","delay":null,"followers":3121,"profile_banner":"https://static-cdn.jtvnw.net/jtv_user_pictures/grandstaryoshi-profile_banner-24b067e5039aa547-480.png","profile_banner_background_color":null,"views":40693,"language":"en"}},{"created_at":"2014-09-05T01:44:08Z","_links":{"self":"https://api.twitch.tv/kraken/users/deef0000dragon1/follows/channels/jaysvfx"},"notifications":false,"channel":{"_links":{"self":"https://api.twitch.tv/kraken/channels/jaysvfx","follows":"https://api.twitch.tv/kraken/channels/jaysvfx/follows","commercial":"https://api.twitch.tv/kraken/channels/jaysvfx/commercial","stream_key":"https://api.twitch.tv/kraken/channels/jaysvfx/stream_key","chat":"https://api.twitch.tv/kraken/chat/jaysvfx","features":"https://api.twitch.tv/kraken/channels/jaysvfx/features","subscriptions":"https://api.twitch.tv/kraken/channels/jaysvfx/subscriptions","editors":"https://api.twitch.tv/kraken/channels/jaysvfx/editors","videos":"https://api.twitch.tv/kraken/channels/jaysvfx/videos","teams":"https://api.twitch.tv/kraken/channels/jaysvfx/teams"},"background":null,"banner":null,"broadcaster_language":"en","display_name":"Jaysvfx","game":"Battlefield 1","logo":"https://static-cdn.jtvnw.net/jtv_user_pictures/jaysvfx-profile_image-dca12b01d3b3fb1d-300x300.jpeg","mature":true,"status":"Playing some Battlefield 1 while testing settings","partner":false,"url":"https://www.twitch.tv/jaysvfx","video_banner":"https://static-cdn.jtvnw.net/jtv_user_pictures/jaysvfx-channel_offline_image-66da76e2b008f1ed-640x360.png","_id":30532238,"name":"jaysvfx","created_at":"2012-05-14T19:26:29Z","updated_at":"2016-07-20T01:00:19Z","delay":null,"followers":28994,"profile_banner":null,"profile_banner_background_color":null,"views":68979,"language":"en"}},{"created_at":"2014-09-01T23:40:27Z","_links":{"self":"https://api.twitch.tv/kraken/users/deef0000dragon1/follows/channels/mdiyo"},"notifications":true,"channel":{"_links":{"self":"https://api.twitch.tv/kraken/channels/mdiyo","follows":"https://api.twitch.tv/kraken/channels/mdiyo/follows","commercial":"https://api.twitch.tv/kraken/channels/mdiyo/commercial","stream_key":"https://api.twitch.tv/kraken/channels/mdiyo/stream_key","chat":"https://api.twitch.tv/kraken/chat/mdiyo","features":"https://api.twitch.tv/kraken/channels/mdiyo/features","subscriptions":"https://api.twitch.tv/kraken/channels/mdiyo/subscriptions","editors":"https://api.twitch.tv/kraken/channels/mdiyo/editors","videos":"https://api.twitch.tv/kraken/channels/mdiyo/videos","teams":"https://api.twitch.tv/kraken/channels/mdiyo/teams"},"background":null,"banner":null,"broadcaster_language":"en","display_name":"mDiyo","game":"Minecraft","logo":"https://static-cdn.jtvnw.net/jtv_user_pictures/mdiyo-profile_image-2bd01899776deb79-300x300.png","mature":false,"status":"Magic Maiden","partner":false,"url":"https://www.twitch.tv/mdiyo","video_banner":"https://static-cdn.jtvnw.net/jtv_user_pictures/mdiyo-channel_offline_image-004600321d660a79-640x360.png","_id":29266662,"name":"mdiyo","created_at":"2012-03-25T12:50:37Z","updated_at":"2016-07-20T00:31:59Z","delay":null,"followers":7590,"profile_banner":"https://static-cdn.jtvnw.net/jtv_user_pictures/mdiyo-profile_banner-51cb4d2911069708-480.png","profile_banner_background_color":null,"views":184921,"language":"en"}},{"created_at":"2014-08-21T23:17:11Z","_links":{"self":"https://api.twitch.tv/kraken/users/deef0000dragon1/follows/channels/xcompwiz"},"notifications":true,"channel":{"_links":{"self":"https://api.twitch.tv/kraken/channels/xcompwiz","follows":"https://api.twitch.tv/kraken/channels/xcompwiz/follows","commercial":"https://api.twitch.tv/kraken/channels/xcompwiz/commercial","stream_key":"https://api.twitch.tv/kraken/channels/xcompwiz/stream_key","chat":"https://api.twitch.tv/kraken/chat/xcompwiz","features":"https://api.twitch.tv/kraken/channels/xcompwiz/features","subscriptions":"https://api.twitch.tv/kraken/channels/xcompwiz/subscriptions","editors":"https://api.twitch.tv/kraken/channels/xcompwiz/editors","videos":"https://api.twitch.tv/kraken/channels/xcompwiz/videos","teams":"https://api.twitch.tv/kraken/channels/xcompwiz/teams"},"background":null,"banner":null,"broadcaster_language":"en","display_name":"XCompWiz","game":"P\u00b7O\u00b7L\u00b7L\u00b7E\u00b7N","logo":"https://static-cdn.jtvnw.net/jtv_user_pictures/xcompwiz-profile_image-314c0109edb421b2-300x300.png","mature":false,"status":"P\u00b7O\u00b7L\u00b7L\u00b7E\u00b7N Launch!","partner":false,"url":"https://www.twitch.tv/xcompwiz","video_banner":"https://static-cdn.jtvnw.net/jtv_user_pictures/xcompwiz-channel_offline_image-b2596a930322e6a3-640x360.png","_id":30366437,"name":"xcompwiz","created_at":"2012-05-08T00:05:26Z","updated_at":"2016-07-19T16:30:10Z","delay":null,"followers":5559,"profile_banner":null,"profile_banner_background_color":null,"views":93244,"language":"en"}},{"created_at":"2014-08-16T06:16:54Z","_links":{"self":"https://api.twitch.tv/kraken/users/deef0000dragon1/follows/channels/aavak"},"notifications":true,"channel":{"_links":{"self":"https://api.twitch.tv/kraken/channels/aavak","follows":"https://api.twitch.tv/kraken/channels/aavak/follows","commercial":"https://api.twitch.tv/kraken/channels/aavak/commercial","stream_key":"https://api.twitch.tv/kraken/channels/aavak/stream_key","chat":"https://api.twitch.tv/kraken/chat/aavak","features":"https://api.twitch.tv/kraken/channels/aavak/features","subscriptions":"https://api.twitch.tv/kraken/channels/aavak/subscriptions","editors":"https://api.twitch.tv/kraken/channels/aavak/editors","videos":"https://api.twitch.tv/kraken/channels/aavak/videos","teams":"https://api.twitch.tv/kraken/channels/aavak/teams"},"background":null,"banner":null,"broadcaster_language":"en","display_name":"Aavak","game":"Thea: The Awakening","logo":"https://static-cdn.jtvnw.net/jtv_user_pictures/aavak-profile_image-0e480e52b90c7647-300x300.png","mature":false,"status":"Cleansing the Darkness for Mother Mokosh","partner":true,"url":"https://www.twitch.tv/aavak","video_banner":"https://static-cdn.jtvnw.net/jtv_user_pictures/aavak-channel_offline_image-44e510bbde5765c7-640x360.png","_id":23125739,"name":"aavak","created_at":"2011-06-25T19:15:10Z","updated_at":"2016-07-20T01:00:28Z","delay":null,"followers":18018,"profile_banner":"https://static-cdn.jtvnw.net/jtv_user_pictures/aavak-profile_banner-68a49917c1bf22a4-480.jpeg","profile_banner_background_color":null,"views":281592,"language":"en"}},{"created_at":"2014-07-27T01:44:22Z","_links":{"self":"https://api.twitch.tv/kraken/users/deef0000dragon1/follows/channels/barnacules"},"notifications":true,"channel":{"_links":{"self":"https://api.twitch.tv/kraken/channels/barnacules","follows":"https://api.twitch.tv/kraken/channels/barnacules/follows","commercial":"https://api.twitch.tv/kraken/channels/barnacules/commercial","stream_key":"https://api.twitch.tv/kraken/channels/barnacules/stream_key","chat":"https://api.twitch.tv/kraken/chat/barnacules","features":"https://api.twitch.tv/kraken/channels/barnacules/features","subscriptions":"https://api.twitch.tv/kraken/channels/barnacules/subscriptions","editors":"https://api.twitch.tv/kraken/channels/barnacules/editors","videos":"https://api.twitch.tv/kraken/channels/barnacules/videos","teams":"https://api.twitch.tv/kraken/channels/barnacules/teams"},"background":null,"banner":null,"broadcaster_language":"en","display_name":"Barnacules","game":null,"logo":"https://static-cdn.jtvnw.net/jtv_user_pictures/barnacules-profile_image-6c04902761361e1e-300x300.jpeg","mature":true,"status":"Waking up my brain...","partner":false,"url":"https://www.twitch.tv/barnacules","video_banner":"https://static-cdn.jtvnw.net/jtv_user_pictures/barnacules-channel_offline_image-fe0ce78ed53dfa7b-640x360.jpeg","_id":32056209,"name":"barnacules","created_at":"2012-07-11T21:06:26Z","updated_at":"2016-07-19T21:01:27Z","delay":null,"followers":27379,"profile_banner":"https://static-cdn.jtvnw.net/jtv_user_pictures/barnacules-profile_banner-12dd651c893082ed-480.png","profile_banner_background_color":null,"views":46150,"language":"en"}},{"created_at":"2014-07-01T03:20:18Z","_links":{"self":"https://api.twitch.tv/kraken/users/deef0000dragon1/follows/channels/lightningplays"},"notifications":true,"channel":{"_links":{"self":"https://api.twitch.tv/kraken/channels/lightningplays","follows":"https://api.twitch.tv/kraken/channels/lightningplays/follows","commercial":"https://api.twitch.tv/kraken/channels/lightningplays/commercial","stream_key":"https://api.twitch.tv/kraken/channels/lightningplays/stream_key","chat":"https://api.twitch.tv/kraken/chat/lightningplays","features":"https://api.twitch.tv/kraken/channels/lightningplays/features","subscriptions":"https://api.twitch.tv/kraken/channels/lightningplays/subscriptions","editors":"https://api.twitch.tv/kraken/channels/lightningplays/editors","videos":"https://api.twitch.tv/kraken/channels/lightningplays/videos","teams":"https://api.twitch.tv/kraken/channels/lightningplays/teams"},"background":null,"banner":null,"broadcaster_language":"en","display_name":"LightningPlays","game":"Overwatch","logo":"https://static-cdn.jtvnw.net/jtv_user_pictures/lightningplays-profile_image-dba32da8fef8ad39-300x300.png","mature":false,"status":"Late Night Overwatch!","partner":false,"url":"https://www.twitch.tv/lightningplays","video_banner":"https://static-cdn.jtvnw.net/jtv_user_pictures/lightningplays-channel_offline_image-a04b196a4c3dea7c-640x360.png","_id":54684817,"name":"lightningplays","created_at":"2014-01-09T15:35:14Z","updated_at":"2016-07-19T08:30:21Z","delay":null,"followers":407,"profile_banner":"https://static-cdn.jtvnw.net/jtv_user_pictures/lightningplays-profile_banner-3b331fb03eb77767-480.png","profile_banner_background_color":null,"views":4206,"language":"en"}},{"created_at":"2014-05-22T01:49:57Z","_links":{"self":"https://api.twitch.tv/kraken/users/deef0000dragon1/follows/channels/thelightningspirit78"},"notifications":true,"channel":{"_links":{"self":"https://api.twitch.tv/kraken/channels/thelightningspirit78","follows":"https://api.twitch.tv/kraken/channels/thelightningspirit78/follows","commercial":"https://api.twitch.tv/kraken/channels/thelightningspirit78/commercial","stream_key":"https://api.twitch.tv/kraken/channels/thelightningspirit78/stream_key","chat":"https://api.twitch.tv/kraken/chat/thelightningspirit78","features":"https://api.twitch.tv/kraken/channels/thelightningspirit78/features","subscriptions":"https://api.twitch.tv/kraken/channels/thelightningspirit78/subscriptions","editors":"https://api.twitch.tv/kraken/channels/thelightningspirit78/editors","videos":"https://api.twitch.tv/kraken/channels/thelightningspirit78/videos","teams":"https://api.twitch.tv/kraken/channels/thelightningspirit78/teams"},"background":null,"banner":null,"broadcaster_language":null,"display_name":"Thelightningspirit78","game":null,"logo":"https://static-cdn.jtvnw.net/jtv_user_pictures/thelightningspirit78-profile_image-7e0212fdf4a72987-300x300.png","mature":null,"status":null,"partner":false,"url":"https://www.twitch.tv/thelightningspirit78","video_banner":null,"_id":18952756,"name":"thelightningspirit78","created_at":"2010-12-23T06:48:27Z","updated_at":"2015-05-27T15:16:27Z","delay":null,"followers":103,"profile_banner":null,"profile_banner_background_color":null,"views":1976,"language":"en"}},{"created_at":"2014-05-18T02:49:35Z","_links":{"self":"https://api.twitch.tv/kraken/users/deef0000dragon1/follows/channels/protonjon"},"notifications":true,"channel":{"_links":{"self":"https://api.twitch.tv/kraken/channels/protonjon","follows":"https://api.twitch.tv/kraken/channels/protonjon/follows","commercial":"https://api.twitch.tv/kraken/channels/protonjon/commercial","stream_key":"https://api.twitch.tv/kraken/channels/protonjon/stream_key","chat":"https://api.twitch.tv/kraken/chat/protonjon","features":"https://api.twitch.tv/kraken/channels/protonjon/features","subscriptions":"https://api.twitch.tv/kraken/channels/protonjon/subscriptions","editors":"https://api.twitch.tv/kraken/channels/protonjon/editors","videos":"https://api.twitch.tv/kraken/channels/protonjon/videos","teams":"https://api.twitch.tv/kraken/channels/protonjon/teams"},"background":null,"banner":null,"broadcaster_language":"en","display_name":"ProtonJon","game":"","logo":"https://static-cdn.jtvnw.net/jtv_user_pictures/protonjon-profile_image-bf9c69adf7b57ad1-300x300.png","mature":false,"status":"Next Stream - Moved to Some Day on the Calendar - Fortune Cookie?","partner":true,"url":"https://www.twitch.tv/protonjon","video_banner":"https://static-cdn.jtvnw.net/jtv_user_pictures/protonjon-channel_offline_image-2328af05e81ae219-640x360.png","_id":320878,"name":"protonjon","created_at":"2008-03-07T00:24:35Z","updated_at":"2016-07-20T01:02:00Z","delay":null,"followers":43590,"profile_banner":"https://static-cdn.jtvnw.net/jtv_user_pictures/protonjon-profile_banner-519c5c7dbdbcfaf1-480.png","profile_banner_background_color":null,"views":1968672,"language":"en"}},{"created_at":"2014-05-12T01:33:56Z","_links":{"self":"https://api.twitch.tv/kraken/users/deef0000dragon1/follows/channels/runnerguy2489"},"notifications":true,"channel":{"_links":{"self":"https://api.twitch.tv/kraken/channels/runnerguy2489","follows":"https://api.twitch.tv/kraken/channels/runnerguy2489/follows","commercial":"https://api.twitch.tv/kraken/channels/runnerguy2489/commercial","stream_key":"https://api.twitch.tv/kraken/channels/runnerguy2489/stream_key","chat":"https://api.twitch.tv/kraken/chat/runnerguy2489","features":"https://api.twitch.tv/kraken/channels/runnerguy2489/features","subscriptions":"https://api.twitch.tv/kraken/channels/runnerguy2489/subscriptions","editors":"https://api.twitch.tv/kraken/channels/runnerguy2489/editors","videos":"https://api.twitch.tv/kraken/channels/runnerguy2489/videos","teams":"https://api.twitch.tv/kraken/channels/runnerguy2489/teams"},"background":null,"banner":null,"broadcaster_language":"en","display_name":"Runnerguy2489","game":"The Legend of Zelda: Ocarina of Time","logo":"https://static-cdn.jtvnw.net/jtv_user_pictures/runnerguy2489-profile_image-fcfd457598c79431-300x300.png","mature":false,"status":"OoT No IM/WW Tourney Race with VerySydney!","partner":true,"url":"https://www.twitch.tv/runnerguy2489","video_banner":null,"_id":21461493,"name":"runnerguy2489","created_at":"2011-04-02T03:12:18Z","updated_at":"2016-07-20T01:01:10Z","delay":null,"followers":34769,"profile_banner":null,"profile_banner_background_color":null,"views":3600034,"language":"en"}},{"created_at":"2014-05-05T02:52:45Z","_links":{"self":"https://api.twitch.tv/kraken/users/deef0000dragon1/follows/channels/briarstone"},"notifications":true,"channel":{"_links":{"self":"https://api.twitch.tv/kraken/channels/briarstone","follows":"https://api.twitch.tv/kraken/channels/briarstone/follows","commercial":"https://api.twitch.tv/kraken/channels/briarstone/commercial","stream_key":"https://api.twitch.tv/kraken/channels/briarstone/stream_key","chat":"https://api.twitch.tv/kraken/chat/briarstone","features":"https://api.twitch.tv/kraken/channels/briarstone/features","subscriptions":"https://api.twitch.tv/kraken/channels/briarstone/subscriptions","editors":"https://api.twitch.tv/kraken/channels/briarstone/editors","videos":"https://api.twitch.tv/kraken/channels/briarstone/videos","teams":"https://api.twitch.tv/kraken/channels/briarstone/teams"},"background":null,"banner":null,"broadcaster_language":"en","display_name":"Briarstone","game":"Dungeons & Dragons","logo":"https://static-cdn.jtvnw.net/jtv_user_pictures/briarstone-profile_image-10e13ae31d470d72-300x300.png","mature":true,"status":"Next stream: July 21, 8 am EDT | See !nextstream for countdown","partner":false,"url":"https://www.twitch.tv/briarstone","video_banner":"https://static-cdn.jtvnw.net/jtv_user_pictures/briarstone-channel_offline_image-cab85d34c2a553e6-640x360.jpeg","_id":26757270,"name":"briarstone","created_at":"2011-12-13T01:00:25Z","updated_at":"2016-07-19T23:30:30Z","delay":null,"followers":5300,"profile_banner":null,"profile_banner_background_color":"#f5f5f5","views":151072,"language":"en"}},{"created_at":"2014-04-02T03:46:18Z","_links":{"self":"https://api.twitch.tv/kraken/users/deef0000dragon1/follows/channels/misskaddykins"},"notifications":true,"channel":{"_links":{"self":"https://api.twitch.tv/kraken/channels/misskaddykins","follows":"https://api.twitch.tv/kraken/channels/misskaddykins/follows","commercial":"https://api.twitch.tv/kraken/channels/misskaddykins/commercial","stream_key":"https://api.twitch.tv/kraken/channels/misskaddykins/stream_key","chat":"https://api.twitch.tv/kraken/chat/misskaddykins","features":"https://api.twitch.tv/kraken/channels/misskaddykins/features","subscriptions":"https://api.twitch.tv/kraken/channels/misskaddykins/subscriptions","editors":"https://api.twitch.tv/kraken/channels/misskaddykins/editors","videos":"https://api.twitch.tv/kraken/channels/misskaddykins/videos","teams":"https://api.twitch.tv/kraken/channels/misskaddykins/teams"},"background":null,"banner":null,"broadcaster_language":"en","display_name":"misskaddykins","game":"Mario Party 4","logo":"https://static-cdn.jtvnw.net/jtv_user_pictures/misskaddykins-profile_image-b37018478313c0ed-300x300.png","mature":true,"status":"\u2728 Mario Party 4 \u2728 Peach Is Gunna Kick Butt! #RoadTo500 #MainMenu","partner":true,"url":"https://www.twitch.tv/misskaddykins","video_banner":"https://static-cdn.jtvnw.net/jtv_user_pictures/misskaddykins-channel_offline_image-5ec049fcdc8953dc-640x360.jpeg","_id":48883162,"name":"misskaddykins","created_at":"2013-09-12T04:13:51Z","updated_at":"2016-07-20T01:00:49Z","delay":null,"followers":26112,"profile_banner":"https://static-cdn.jtvnw.net/jtv_user_pictures/misskaddykins-profile_banner-8b6171171e78d2b3-480.png","profile_banner_background_color":null,"views":1252698,"language":"en"}},{"created_at":"2014-03-03T05:53:21Z","_links":{"self":"https://api.twitch.tv/kraken/users/deef0000dragon1/follows/channels/wotc_dnd"},"notifications":true,"channel":{"_links":{"self":"https://api.twitch.tv/kraken/channels/wotc_dnd","follows":"https://api.twitch.tv/kraken/channels/wotc_dnd/follows","commercial":"https://api.twitch.tv/kraken/channels/wotc_dnd/commercial","stream_key":"https://api.twitch.tv/kraken/channels/wotc_dnd/stream_key","chat":"https://api.twitch.tv/kraken/chat/wotc_dnd","features":"https://api.twitch.tv/kraken/channels/wotc_dnd/features","subscriptions":"https://api.twitch.tv/kraken/channels/wotc_dnd/subscriptions","editors":"https://api.twitch.tv/kraken/channels/wotc_dnd/editors","videos":"https://api.twitch.tv/kraken/channels/wotc_dnd/videos","teams":"https://api.twitch.tv/kraken/channels/wotc_dnd/teams"},"background":null,"banner":null,"broadcaster_language":"en","display_name":"wotc_DnD","game":"Dungeons & Dragons","logo":"https://static-cdn.jtvnw.net/jtv_user_pictures/wotc_dnd-profile_image-46d433b90aa69ad5-300x300.jpeg","mature":true,"status":"Dice, Camera, Action - Every Tuesday 4 - 6 Pacific","partner":true,"url":"https://www.twitch.tv/wotc_dnd","video_banner":"https://static-cdn.jtvnw.net/jtv_user_pictures/wotc_dnd-channel_offline_image-3f1ad4b61c1b0b89-640x360.jpeg","_id":32563943,"name":"wotc_dnd","created_at":"2012-07-30T17:21:23Z","updated_at":"2016-07-20T01:01:51Z","delay":null,"followers":22262,"profile_banner":"https://static-cdn.jtvnw.net/jtv_user_pictures/wotc_dnd-profile_banner-d0cdd011dc2f3b10-480.jpeg","profile_banner_background_color":"#817f7f","views":898634,"language":"en"}},{"created_at":"2014-01-19T02:16:19Z","_links":{"self":"https://api.twitch.tv/kraken/users/deef0000dragon1/follows/channels/deusqain"},"notifications":true,"channel":{"_links":{"self":"https://api.twitch.tv/kraken/channels/deusqain","follows":"https://api.twitch.tv/kraken/channels/deusqain/follows","commercial":"https://api.twitch.tv/kraken/channels/deusqain/commercial","stream_key":"https://api.twitch.tv/kraken/channels/deusqain/stream_key","chat":"https://api.twitch.tv/kraken/chat/deusqain","features":"https://api.twitch.tv/kraken/channels/deusqain/features","subscriptions":"https://api.twitch.tv/kraken/channels/deusqain/subscriptions","editors":"https://api.twitch.tv/kraken/channels/deusqain/editors","videos":"https://api.twitch.tv/kraken/channels/deusqain/videos","teams":"https://api.twitch.tv/kraken/channels/deusqain/teams"},"background":null,"banner":null,"broadcaster_language":"en","display_name":"DeusQain","game":"Torchlight II","logo":"https://static-cdn.jtvnw.net/jtv_user_pictures/deusqain-profile_image-1236bf560beb079f-300x300.jpeg","mature":false,"status":"Greetings, Stay awhile and listen:  Join the chat on IRC Efnet #qainsworld https://teksyndicate.com/chat","partner":false,"url":"https://www.twitch.tv/deusqain","video_banner":"https://static-cdn.jtvnw.net/jtv_user_pictures/deusqain-channel_offline_image-31104db3dd282f2a-640x360.jpeg","_id":36289504,"name":"deusqain","created_at":"2012-09-19T04:49:19Z","updated_at":"2016-07-19T23:01:09Z","delay":null,"followers":10241,"profile_banner":null,"profile_banner_background_color":null,"views":50928,"language":"en"}},{"created_at":"2014-01-17T04:50:57Z","_links":{"self":"https://api.twitch.tv/kraken/users/deef0000dragon1/follows/channels/gamesdonequick"},"notifications":true,"channel":{"_links":{"self":"https://api.twitch.tv/kraken/channels/gamesdonequick","follows":"https://api.twitch.tv/kraken/channels/gamesdonequick/follows","commercial":"https://api.twitch.tv/kraken/channels/gamesdonequick/commercial","stream_key":"https://api.twitch.tv/kraken/channels/gamesdonequick/stream_key","chat":"https://api.twitch.tv/kraken/chat/gamesdonequick","features":"https://api.twitch.tv/kraken/channels/gamesdonequick/features","subscriptions":"https://api.twitch.tv/kraken/channels/gamesdonequick/subscriptions","editors":"https://api.twitch.tv/kraken/channels/gamesdonequick/editors","videos":"https://api.twitch.tv/kraken/channels/gamesdonequick/videos","teams":"https://api.twitch.tv/kraken/channels/gamesdonequick/teams"},"background":null,"banner":null,"broadcaster_language":"en","display_name":"GamesDoneQuick","game":"","logo":"https://static-cdn.jtvnw.net/jtv_user_pictures/gamesdonequick-profile_image-c4aa1bb1d9604981-300x300.png","mature":false,"status":"AGDQ 2017 January 8-15","partner":true,"url":"https://www.twitch.tv/gamesdonequick","video_banner":"https://static-cdn.jtvnw.net/jtv_user_pictures/gamesdonequick-channel_offline_image-c40b18cf4b7c93af-640x360.png","_id":22510310,"name":"gamesdonequick","created_at":"2011-05-20T18:19:19Z","updated_at":"2016-07-20T01:00:32Z","delay":null,"followers":842913,"profile_banner":null,"profile_banner_background_color":null,"views":118357956,"language":"en"}},{"created_at":"2013-12-03T22:02:28Z","_links":{"self":"https://api.twitch.tv/kraken/users/deef0000dragon1/follows/channels/jefmajor"},"notifications":true,"channel":{"_links":{"self":"https://api.twitch.tv/kraken/channels/jefmajor","follows":"https://api.twitch.tv/kraken/channels/jefmajor/follows","commercial":"https://api.twitch.tv/kraken/channels/jefmajor/commercial","stream_key":"https://api.twitch.tv/kraken/channels/jefmajor/stream_key","chat":"https://api.twitch.tv/kraken/chat/jefmajor","features":"https://api.twitch.tv/kraken/channels/jefmajor/features","subscriptions":"https://api.twitch.tv/kraken/channels/jefmajor/subscriptions","editors":"https://api.twitch.tv/kraken/channels/jefmajor/editors","videos":"https://api.twitch.tv/kraken/channels/jefmajor/videos","teams":"https://api.twitch.tv/kraken/channels/jefmajor/teams"},"background":null,"banner":null,"broadcaster_language":"en","display_name":"Jefmajor","game":"Mount & Blade: Warband","logo":"https://static-cdn.jtvnw.net/jtv_user_pictures/jefmajor-profile_image-bf7af3f63b9caa00-300x300.png","mature":false,"status":"Jef Stream Program: Homecoming - Gendry From The Block (ACOK 2.2)","partner":true,"url":"https://www.twitch.tv/jefmajor","video_banner":"https://static-cdn.jtvnw.net/jtv_user_pictures/jefmajor-channel_offline_image-cfacb9924fbc49e8-640x360.png","_id":22771679,"name":"jefmajor","created_at":"2011-06-04T08:22:55Z","updated_at":"2016-07-20T01:00:40Z","delay":null,"followers":15905,"profile_banner":"https://static-cdn.jtvnw.net/jtv_user_pictures/jefmajor-profile_banner-82f4d6065a28db06-480.png","profile_banner_background_color":"#000000","views":2543895,"language":"en"}},{"created_at":"2013-12-02T04:03:09Z","_links":{"self":"https://api.twitch.tv/kraken/users/deef0000dragon1/follows/channels/beergamesbeer"},"notifications":true,"channel":{"_links":{"self":"https://api.twitch.tv/kraken/channels/beergamesbeer","follows":"https://api.twitch.tv/kraken/channels/beergamesbeer/follows","commercial":"https://api.twitch.tv/kraken/channels/beergamesbeer/commercial","stream_key":"https://api.twitch.tv/kraken/channels/beergamesbeer/stream_key","chat":"https://api.twitch.tv/kraken/chat/beergamesbeer","features":"https://api.twitch.tv/kraken/channels/beergamesbeer/features","subscriptions":"https://api.twitch.tv/kraken/channels/beergamesbeer/subscriptions","editors":"https://api.twitch.tv/kraken/channels/beergamesbeer/editors","videos":"https://api.twitch.tv/kraken/channels/beergamesbeer/videos","teams":"https://api.twitch.tv/kraken/channels/beergamesbeer/teams"},"background":null,"banner":null,"broadcaster_language":"en","display_name":"BeerGamesBeer","game":"Fistful of Frags","logo":"https://static-cdn.jtvnw.net/jtv_user_pictures/beergamesbeer-profile_image-718264dfc1180087-300x300.jpeg","mature":false,"status":"Fistful of Frags!","partner":false,"url":"https://www.twitch.tv/beergamesbeer","video_banner":null,"_id":38790555,"name":"beergamesbeer","created_at":"2012-12-27T06:50:55Z","updated_at":"2016-07-19T20:30:50Z","delay":null,"followers":14658,"profile_banner":null,"profile_banner_background_color":null,"views":136291,"language":"en"}},{"created_at":"2013-10-17T01:55:45Z","_links":{"self":"https://api.twitch.tv/kraken/users/deef0000dragon1/follows/channels/brynnagiadrosich"},"notifications":true,"channel":{"_links":{"self":"https://api.twitch.tv/kraken/channels/brynnagiadrosich","follows":"https://api.twitch.tv/kraken/channels/brynnagiadrosich/follows","commercial":"https://api.twitch.tv/kraken/channels/brynnagiadrosich/commercial","stream_key":"https://api.twitch.tv/kraken/channels/brynnagiadrosich/stream_key","chat":"https://api.twitch.tv/kraken/chat/brynnagiadrosich","features":"https://api.twitch.tv/kraken/channels/brynnagiadrosich/features","subscriptions":"https://api.twitch.tv/kraken/channels/brynnagiadrosich/subscriptions","editors":"https://api.twitch.tv/kraken/channels/brynnagiadrosich/editors","videos":"https://api.twitch.tv/kraken/channels/brynnagiadrosich/videos","teams":"https://api.twitch.tv/kraken/channels/brynnagiadrosich/teams"},"background":null,"banner":null,"broadcaster_language":"en","display_name":"brynnagiadrosich","game":"Creative","logo":"https://static-cdn.jtvnw.net/jtv_user_pictures/brynnagiadrosich-profile_image-397a86e43652182d-300x300.png","mature":false,"status":"Knitting","partner":false,"url":"https://www.twitch.tv/brynnagiadrosich","video_banner":"https://static-cdn.jtvnw.net/jtv_user_pictures/brynnagiadrosich-channel_offline_image-15d9768267b8f9c5-640x360.jpeg","_id":12421255,"name":"brynnagiadrosich","created_at":"2010-05-05T07:05:04Z","updated_at":"2016-07-03T14:01:48Z","delay":null,"followers":193,"profile_banner":null,"profile_banner_background_color":null,"views":2384,"language":"en"}},{"created_at":"2013-10-15T00:36:01Z","_links":{"self":"https://api.twitch.tv/kraken/users/deef0000dragon1/follows/channels/4kbshort"},"notifications":true,"channel":{"_links":{"self":"https://api.twitch.tv/kraken/channels/4kbshort","follows":"https://api.twitch.tv/kraken/channels/4kbshort/follows","commercial":"https://api.twitch.tv/kraken/channels/4kbshort/commercial","stream_key":"https://api.twitch.tv/kraken/channels/4kbshort/stream_key","chat":"https://api.twitch.tv/kraken/chat/4kbshort","features":"https://api.twitch.tv/kraken/channels/4kbshort/features","subscriptions":"https://api.twitch.tv/kraken/channels/4kbshort/subscriptions","editors":"https://api.twitch.tv/kraken/channels/4kbshort/editors","videos":"https://api.twitch.tv/kraken/channels/4kbshort/videos","teams":"https://api.twitch.tv/kraken/channels/4kbshort/teams"},"background":null,"banner":null,"broadcaster_language":"en","display_name":"4KbShort","game":"Blackwell Epiphany","logo":"https://static-cdn.jtvnw.net/jtv_user_pictures/4kbshort-profile_image-acf450867ccac5fa-300x300.png","mature":false,"status":"Blackwell Epiphany: Prepare your eye spigots!","partner":false,"url":"https://www.twitch.tv/4kbshort","video_banner":"https://static-cdn.jtvnw.net/jtv_user_pictures/4kbshort-channel_offline_image-61a06edcad213498-640x360.png","_id":39077073,"name":"4kbshort","created_at":"2013-01-06T01:13:22Z","updated_at":"2016-07-20T00:30:29Z","delay":null,"followers":5451,"profile_banner":"https://static-cdn.jtvnw.net/jtv_user_pictures/4kbshort-profile_banner-74707c0e73a29a6f-480.png","profile_banner_background_color":null,"views":119577,"language":"en"}},{"created_at":"2013-09-27T03:59:52Z","_links":{"self":"https://api.twitch.tv/kraken/users/deef0000dragon1/follows/channels/arumba07"},"notifications":true,"channel":{"_links":{"self":"https://api.twitch.tv/kraken/channels/arumba07","follows":"https://api.twitch.tv/kraken/channels/arumba07/follows","commercial":"https://api.twitch.tv/kraken/channels/arumba07/commercial","stream_key":"https://api.twitch.tv/kraken/channels/arumba07/stream_key","chat":"https://api.twitch.tv/kraken/chat/arumba07","features":"https://api.twitch.tv/kraken/channels/arumba07/features","subscriptions":"https://api.twitch.tv/kraken/channels/arumba07/subscriptions","editors":"https://api.twitch.tv/kraken/channels/arumba07/editors","videos":"https://api.twitch.tv/kraken/channels/arumba07/videos","teams":"https://api.twitch.tv/kraken/channels/arumba07/teams"},"background":null,"banner":null,"broadcaster_language":"en","display_name":"Arumba07","game":"","logo":"https://static-cdn.jtvnw.net/jtv_user_pictures/arumba07-profile_image-d6729481c722ce6e-300x300.jpeg","mature":false,"status":"Next Stream: TBD","partner":true,"url":"https://www.twitch.tv/arumba07","video_banner":null,"_id":44132002,"name":"arumba07","created_at":"2013-05-30T14:43:44Z","updated_at":"2016-07-20T01:01:16Z","delay":null,"followers":52936,"profile_banner":"https://static-cdn.jtvnw.net/jtv_user_pictures/arumba07-profile_banner-4968389d8fcdddb5-480.jpeg","profile_banner_background_color":null,"views":1253260,"language":"en"}},{"created_at":"2013-09-21T21:09:34Z","_links":{"self":"https://api.twitch.tv/kraken/users/deef0000dragon1/follows/channels/luke_lafr"},"notifications":true,"channel":{"_links":{"self":"https://api.twitch.tv/kraken/channels/luke_lafr","follows":"https://api.twitch.tv/kraken/channels/luke_lafr/follows","commercial":"https://api.twitch.tv/kraken/channels/luke_lafr/commercial","stream_key":"https://api.twitch.tv/kraken/channels/luke_lafr/stream_key","chat":"https://api.twitch.tv/kraken/chat/luke_lafr","features":"https://api.twitch.tv/kraken/channels/luke_lafr/features","subscriptions":"https://api.twitch.tv/kraken/channels/luke_lafr/subscriptions","editors":"https://api.twitch.tv/kraken/channels/luke_lafr/editors","videos":"https://api.twitch.tv/kraken/channels/luke_lafr/videos","teams":"https://api.twitch.tv/kraken/channels/luke_lafr/teams"},"background":null,"banner":null,"broadcaster_language":"en","display_name":"Luke_Lafr","game":"Overwatch","logo":"https://static-cdn.jtvnw.net/jtv_user_pictures/luke_lafr-profile_image-70ea5a990c018d06-300x300.jpeg","mature":false,"status":"AFTER PARTYYYY","partner":true,"url":"https://www.twitch.tv/luke_lafr","video_banner":"https://static-cdn.jtvnw.net/jtv_user_pictures/luke_lafr-channel_offline_image-59a668c124f46380-640x360.jpeg","_id":47891371,"name":"luke_lafr","created_at":"2013-08-21T01:47:06Z","updated_at":"2016-07-20T00:30:21Z","delay":null,"followers":44097,"profile_banner":"https://static-cdn.jtvnw.net/jtv_user_pictures/luke_lafr-profile_banner-bd99a77988ae94f7-480.png","profile_banner_background_color":null,"views":474970,"language":"en"}},{"created_at":"2013-08-23T02:21:18Z","_links":{"self":"https://api.twitch.tv/kraken/users/deef0000dragon1/follows/channels/paradoxinteractive"},"notifications":true,"channel":{"_links":{"self":"https://api.twitch.tv/kraken/channels/paradoxinteractive","follows":"https://api.twitch.tv/kraken/channels/paradoxinteractive/follows","commercial":"https://api.twitch.tv/kraken/channels/paradoxinteractive/commercial","stream_key":"https://api.twitch.tv/kraken/channels/paradoxinteractive/stream_key","chat":"https://api.twitch.tv/kraken/chat/paradoxinteractive","features":"https://api.twitch.tv/kraken/channels/paradoxinteractive/features","subscriptions":"https://api.twitch.tv/kraken/channels/paradoxinteractive/subscriptions","editors":"https://api.twitch.tv/kraken/channels/paradoxinteractive/editors","videos":"https://api.twitch.tv/kraken/channels/paradoxinteractive/videos","teams":"https://api.twitch.tv/kraken/channels/paradoxinteractive/teams"},"background":null,"banner":null,"broadcaster_language":"en","display_name":"ParadoxInteractive","game":"Tyranny","logo":"https://static-cdn.jtvnw.net/jtv_user_pictures/paradoxinteractive-profile_image-d1d4dd19b6723d68-300x300.jpeg","mature":false,"status":"Tyranny E3 demo playthrough! (July 14th, Noon PDT/9PM CEST)","partner":true,"url":"https://www.twitch.tv/paradoxinteractive","video_banner":"https://static-cdn.jtvnw.net/jtv_user_pictures/paradoxinteractive-channel_offline_image-62d11ee69c78168e-640x360.png","_id":24634783,"name":"paradoxinteractive","created_at":"2011-09-07T09:39:58Z","updated_at":"2016-07-20T01:01:06Z","delay":null,"followers":49416,"profile_banner":"https://static-cdn.jtvnw.net/jtv_user_pictures/paradoxinteractive-profile_banner-fb4d8cfda5e27a43-480.png","profile_banner_background_color":null,"views":11300322,"language":"en"}},{"created_at":"2013-08-03T03:18:13Z","_links":{"self":"https://api.twitch.tv/kraken/users/deef0000dragon1/follows/channels/skrumpei"},"notifications":true,"channel":{"_links":{"self":"https://api.twitch.tv/kraken/channels/skrumpei","follows":"https://api.twitch.tv/kraken/channels/skrumpei/follows","commercial":"https://api.twitch.tv/kraken/channels/skrumpei/commercial","stream_key":"https://api.twitch.tv/kraken/channels/skrumpei/stream_key","chat":"https://api.twitch.tv/kraken/chat/skrumpei","features":"https://api.twitch.tv/kraken/channels/skrumpei/features","subscriptions":"https://api.twitch.tv/kraken/channels/skrumpei/subscriptions","editors":"https://api.twitch.tv/kraken/channels/skrumpei/editors","videos":"https://api.twitch.tv/kraken/channels/skrumpei/videos","teams":"https://api.twitch.tv/kraken/channels/skrumpei/teams"},"background":null,"banner":null,"broadcaster_language":"en","display_name":"Skrumpei","game":"WarioWare D.I.Y.","logo":"https://static-cdn.jtvnw.net/jtv_user_pictures/skrumpei-profile_image-65b7e7058af7fd62-300x300.png","mature":true,"status":"WarioWare D.I.Y. collaboration","partner":false,"url":"https://www.twitch.tv/skrumpei","video_banner":"https://static-cdn.jtvnw.net/jtv_user_pictures/skrumpei-channel_offline_image-bc9b7bca0230d8c1-640x360.jpeg","_id":42394553,"name":"skrumpei","created_at":"2013-04-13T01:29:42Z","updated_at":"2016-07-19T23:00:25Z","delay":null,"followers":1140,"profile_banner":"https://static-cdn.jtvnw.net/jtv_user_pictures/skrumpei-profile_banner-abffc25e1d8ebcfa-480.jpeg","profile_banner_background_color":null,"views":35748,"language":"en"}},{"created_at":"2013-06-29T00:17:06Z","_links":{"self":"https://api.twitch.tv/kraken/users/deef0000dragon1/follows/channels/linustech"},"notifications":true,"channel":{"_links":{"self":"https://api.twitch.tv/kraken/channels/linustech","follows":"https://api.twitch.tv/kraken/channels/linustech/follows","commercial":"https://api.twitch.tv/kraken/channels/linustech/commercial","stream_key":"https://api.twitch.tv/kraken/channels/linustech/stream_key","chat":"https://api.twitch.tv/kraken/chat/linustech","features":"https://api.twitch.tv/kraken/channels/linustech/features","subscriptions":"https://api.twitch.tv/kraken/channels/linustech/subscriptions","editors":"https://api.twitch.tv/kraken/channels/linustech/editors","videos":"https://api.twitch.tv/kraken/channels/linustech/videos","teams":"https://api.twitch.tv/kraken/channels/linustech/teams"},"background":null,"banner":null,"broadcaster_language":"en","display_name":"LinusTech","game":"Gaming Talk Shows","logo":"https://static-cdn.jtvnw.net/jtv_user_pictures/linustech-profile_image-a88019863ec75841-300x300.png","mature":false,"status":"The WAN Show - Gaming and Tech Talk Fridays at 16:30 Pacific","partner":true,"url":"https://www.twitch.tv/linustech","video_banner":null,"_id":35987962,"name":"linustech","created_at":"2012-09-06T07:03:33Z","updated_at":"2016-07-20T01:01:13Z","delay":null,"followers":154686,"profile_banner":null,"profile_banner_background_color":null,"views":4682708,"language":"en"}},{"created_at":"2013-06-16T06:01:43Z","_links":{"self":"https://api.twitch.tv/kraken/users/deef0000dragon1/follows/channels/soaryn"},"notifications":true,"channel":{"_links":{"self":"https://api.twitch.tv/kraken/channels/soaryn","follows":"https://api.twitch.tv/kraken/channels/soaryn/follows","commercial":"https://api.twitch.tv/kraken/channels/soaryn/commercial","stream_key":"https://api.twitch.tv/kraken/channels/soaryn/stream_key","chat":"https://api.twitch.tv/kraken/chat/soaryn","features":"https://api.twitch.tv/kraken/channels/soaryn/features","subscriptions":"https://api.twitch.tv/kraken/channels/soaryn/subscriptions","editors":"https://api.twitch.tv/kraken/channels/soaryn/editors","videos":"https://api.twitch.tv/kraken/channels/soaryn/videos","teams":"https://api.twitch.tv/kraken/channels/soaryn/teams"},"background":null,"banner":null,"broadcaster_language":"en","display_name":"Soaryn","game":"Creative","logo":"https://static-cdn.jtvnw.net/jtv_user_pictures/soaryn-profile_image-371621bf25cfc80a-300x300.png","mature":false,"status":"Next Stream: Friday July 22nd #Journey to Finland ","partner":true,"url":"https://www.twitch.tv/soaryn","video_banner":"https://static-cdn.jtvnw.net/jtv_user_pictures/soaryn-channel_offline_image-652803d3722f7d78-640x360.jpeg","_id":36043238,"name":"soaryn","created_at":"2012-09-08T20:09:10Z","updated_at":"2016-07-20T01:01:11Z","delay":null,"followers":129564,"profile_banner":"https://static-cdn.jtvnw.net/jtv_user_pictures/soaryn-profile_banner-912c7c2fcd291de3-480.png","profile_banner_background_color":"#000000","views":3818764,"language":"en"}},{"created_at":"2013-06-14T19:08:55Z","_links":{"self":"https://api.twitch.tv/kraken/users/deef0000dragon1/follows/channels/jadedcat"},"notifications":true,"channel":{"_links":{"self":"https://api.twitch.tv/kraken/channels/jadedcat","follows":"https://api.twitch.tv/kraken/channels/jadedcat/follows","commercial":"https://api.twitch.tv/kraken/channels/jadedcat/commercial","stream_key":"https://api.twitch.tv/kraken/channels/jadedcat/stream_key","chat":"https://api.twitch.tv/kraken/chat/jadedcat","features":"https://api.twitch.tv/kraken/channels/jadedcat/features","subscriptions":"https://api.twitch.tv/kraken/channels/jadedcat/subscriptions","editors":"https://api.twitch.tv/kraken/channels/jadedcat/editors","videos":"https://api.twitch.tv/kraken/channels/jadedcat/videos","teams":"https://api.twitch.tv/kraken/channels/jadedcat/teams"},"background":null,"banner":null,"broadcaster_language":"en","display_name":"jadedcat","game":"Diablo III: Reaper of Souls","logo":"https://static-cdn.jtvnw.net/jtv_user_pictures/jadedcat-profile_image-cb348dbb84591230-300x300.jpeg","mature":true,"status":"Random Games","partner":true,"url":"https://www.twitch.tv/jadedcat","video_banner":"https://static-cdn.jtvnw.net/jtv_user_pictures/jadedcat-channel_offline_image-bcd3087dca7ba3e8-640x360.png","_id":36184317,"name":"jadedcat","created_at":"2012-09-15T04:49:46Z","updated_at":"2016-07-19T20:04:53Z","delay":null,"followers":27544,"profile_banner":"https://static-cdn.jtvnw.net/jtv_user_pictures/jadedcat-profile_banner-3e9681812da01808-480.png","profile_banner_background_color":null,"views":1157084,"language":"en"}}],"_total":48,"_links":{"self":"https://api.twitch.tv/kraken/users/deef0000dragon1/follows/channels?direction=DESC&limit=50&offset=0&sortby=created_at","next":"https://api.twitch.tv/kraken/users/deef0000dragon1/follows/channels?direction=DESC&limit=50&offset=50&sortby=created_at"}}